Año,Tasa Natalidad,Nacidos Vivos Corregidos,Población INE,Comuna
2001,10.850310008857395,49,4516,Alhué
1999,11.210762331838565,50,4460,Alhué
2000,12.00533570475767,54,4498,Alhué
2016,13.456937799043063,90,6688,Alhué
2003,13.698630136986301,65,4745,Alhué
1998,14.30517711171662,63,4404,Alhué
1995,14.781792585640545,63,4262,Alhué
2021,15.392781316348195,116,7536,Alhué
2019,15.663986692542279,113,7214,Alhué
2020,15.665091154625253,116,7405,Alhué
2012,16.100178890876567,99,6149,Alhué
2010,16.222677595628415,95,5856,Alhué
2015,16.32839920647032,107,6553,Alhué
2017,16.532553035844916,113,6835,Alhué
2018,16.80432925092566,118,7022,Alhué
1994,17.380952380952383,73,4200,Alhué
1997,17.885806007796376,78,4361,Alhué
1993,18.37080009668842,76,4137,Alhué
2005,18.511224891689643,94,5078,Alhué
2014,18.70615744349182,120,6415,Alhué
1996,19.0211087914637,82,4311,Alhué
2007,19.273535952557452,104,5396,Alhué
2006,19.487963316774934,102,5234,Alhué
2011,19.683069224353627,118,5995,Alhué
2013,19.751513220770946,124,6278,Alhué
1992,19.87730061349693,81,4075,Alhué
2002,19.925552879351873,91,4567,Alhué
2004,20.17114914425428,99,4908,Alhué
2008,20.378719567177637,113,5545,Alhué
2009,24.732503069636905,141,5701,Alhué
2020,12.686859842577139,1391,109641,Buin
2021,12.846856183107903,1438,111934,Buin
2017,13.720845660143695,1396,101743,Buin
2016,13.732419181088726,1364,99327,Buin
2019,13.786850615968444,1475,106986,Buin
2013,13.951828338434584,1290,92461,Buin
2018,14.491364603500163,1512,104338,Buin
2011,14.509259048356604,1274,87806,Buin
2015,14.553100263852244,1412,97024,Buin
2010,14.800243548311554,1264,85404,Buin
2012,14.814157721990597,1336,90184,Buin
2014,14.958302544072627,1417,94730,Buin
2005,15.530240944107524,1137,73212,Buin
2008,15.804829598361165,1273,80545,Buin
2006,16.193636231443413,1225,75647,Buin
2007,16.275883264396665,1271,78091,Buin
2009,16.29151202583506,1352,82988,Buin
2004,16.56794695995137,1172,70739,Buin
2002,18.1391020457978,1189,65549,Buin
2003,18.31485717637398,1249,68196,Buin
2001,18.39210069179898,1207,65626,Buin
2000,18.95544079903522,1226,64678,Buin
1998,19.0894799319837,1190,62338,Buin
1997,19.160032042374407,1172,61169,Buin
1999,19.33340680447754,1228,63517,Buin
1996,20.57009501583597,1234,59990,Buin
1995,21.521096113963214,1266,58826,Buin
1994,22.081964077686784,1270,57513,Buin
1993,22.17081850533808,1246,56200,Buin
1992,24.506677841954705,1345,54883,Buin
2021,8.856266583962231,257,29019,Calera de Tango
2020,9.710780017528485,277,28525,Calera de Tango
2019,10.031168272847777,280,27913,Calera de Tango
2016,10.239559851755626,268,26173,Calera de Tango
2017,11.159376872378669,298,26704,Calera de Tango
2018,11.168479255922955,305,27309,Calera de Tango
2013,11.812297734627832,292,24720,Calera de Tango
2015,12.382213223269215,318,25682,Calera de Tango
2014,13.45291479820628,339,25199,Calera de Tango
2012,13.491212146216686,327,24238,Calera de Tango
2009,13.792799541708897,313,22693,Calera de Tango
2011,13.99249799806128,332,23727,Calera de Tango
2001,14.237078303930671,276,19386,Calera de Tango
2008,14.395306859205776,319,22160,Calera de Tango
2005,14.694433631763333,302,20552,Calera de Tango
2010,14.822475008617717,344,23208,Calera de Tango
2000,14.954172696575013,279,18657,Calera de Tango
2007,15.07514450867052,326,21625,Calera de Tango
1999,15.61805246776345,281,17992,Calera de Tango
2004,16.100805040252013,322,19999,Calera de Tango
2002,16.694135786059864,314,18809,Calera de Tango
2003,16.939553084131397,329,19422,Calera de Tango
1995,18.21981323058839,279,15313,Calera de Tango
1997,18.31611818400192,305,16652,Calera de Tango
2006,18.35166919575114,387,21088,Calera de Tango
1998,18.363457873765665,318,17317,Calera de Tango
1996,19.461827284105134,311,15980,Calera de Tango
1993,20.038924529661934,278,13873,Calera de Tango
1992,20.663982374838564,272,13163,Calera de Tango
1994,20.69201781431997,302,14595,Calera de Tango
2021,8.288650580875782,742,89520,Cerrillos
2020,9.307972480777012,828,88956,Cerrillos
2019,9.736866024359207,857,88016,Cerrillos
2018,11.266497784872355,974,86451,Cerrillos
2017,11.65525839155082,991,85026,Cerrillos
2016,12.68685137579739,1066,84024,Cerrillos
2013,13.701791679319768,1128,82325,Cerrillos
2015,13.957838693431183,1164,83394,Cerrillos
2008,14.290768492077532,1131,79142,Cerrillos
2012,14.384181067142473,1177,81826,Cerrillos
2011,14.658060701616082,1190,81184,Cerrillos
2009,14.777708202880401,1180,79850,Cerrillos
2014,14.980504822491278,1241,82841,Cerrillos
2004,15.194731791953101,1156,76079,Cerrillos
2006,15.207705580880269,1181,77658,Cerrillos
2003,15.342443879655628,1153,75151,Cerrillos
2010,15.387863583298143,1239,80518,Cerrillos
2007,15.48469387755102,1214,78400,Cerrillos
2005,15.489056220982404,1191,76893,Cerrillos
1998,15.820743972886564,1153,72879,Cerrillos
2000,15.964371360054814,1165,72975,Cerrillos
1999,16.04102114124325,1170,72938,Cerrillos
2002,16.10812562447679,1193,74062,Cerrillos
2001,16.482076603726743,1195,72503,Cerrillos
1997,16.792530550597284,1223,72830,Cerrillos
1996,17.409824802473377,1267,72775,Cerrillos
1995,17.85026679135266,1298,72716,Cerrillos
1994,19.48051948051948,1413,72534,Cerrillos
1993,19.692384229509557,1425,72363,Cerrillos
1992,20.19754249380082,1458,72187,Cerrillos
2021,9.936474027434226,1414,142304,Cerro Navia
2020,11.315059839258765,1612,142465,Cerro Navia
2019,12.064893000099008,1706,141402,Cerro Navia
2016,12.095821248254376,1689,139635,Cerro Navia
2012,12.926616698622974,1854,143425,Cerro Navia
2017,12.986733904472652,1813,139604,Cerro Navia
2010,13.742086429947701,1997,145320,Cerro Navia
2018,13.78647002244309,1935,140355,Cerro Navia
2015,13.836343557408,1942,140355,Cerro Navia
2013,14.0405616224649,1998,142302,Cerro Navia
2011,14.054750491812364,2029,144364,Cerro Navia
2014,14.185802871138545,2004,141268,Cerro Navia
2007,14.443208253261858,2142,148305,Cerro Navia
2009,14.522665609644417,2125,146323,Cerro Navia
2008,14.594477178310571,2150,147316,Cerro Navia
2004,14.97140441943707,2267,151422,Cerro Navia
2005,15.318537824288926,2304,150406,Cerro Navia
2006,15.447247015340114,2307,149347,Cerro Navia
2003,15.72925970682499,2395,152264,Cerro Navia
2002,16.692950483905797,2551,152819,Cerro Navia
2001,17.630394934177637,2645,150025,Cerro Navia
2000,18.800594746406738,2845,151325,Cerro Navia
1999,19.588728906219124,2974,151822,Cerro Navia
1998,20.355231622837255,3100,152295,Cerro Navia
1997,21.294144601184826,3253,152765,Cerro Navia
1996,22.16711801363829,3397,153245,Cerro Navia
1995,22.613130708579458,3476,153716,Cerro Navia
1994,23.360567829495157,3594,153849,Cerro Navia
1993,23.444603195220157,3610,153980,Cerro Navia
1992,23.723776337220244,3656,154107,Cerro Navia
2021,11.250060614550726,2088,185599,Colina
2020,11.693733955076988,2109,180353,Colina
2019,12.62137604768974,2185,173119,Colina
2018,14.537883367220463,2381,163779,Colina
2017,14.874950896949063,2272,152740,Colina
2012,15.886956385364554,2026,127526,Colina
2016,16.059358988335333,2357,146768,Colina
2013,16.11915009492977,2131,132203,Colina
2015,16.27444340980276,2307,141756,Colina
2010,16.75131653947917,1969,117543,Colina
2014,16.80432925092566,2301,136929,Colina
2011,16.844579375183624,2064,122532,Colina
2006,17.769113789689627,1741,97979,Colina
2009,18.1022390312328,2039,112638,Colina
2008,18.120213506614064,1952,107725,Colina
2007,18.229217330402133,1874,102802,Colina
2004,18.263912405463373,1618,88590,Colina
2005,18.57651550903085,1732,93236,Colina
2003,18.76592603176871,1576,83982,Colina
1999,19.09039138538,1475,77264,Colina
2002,19.252761615120708,1532,79573,Colina
2000,19.265171322416403,1540,79937,Colina
2001,19.5591356357322,1622,82928,Colina
1994,19.65551860450524,1253,63748,Colina
1993,19.698611247907024,1200,60918,Colina
1998,19.987934848180174,1491,74595,Colina
1995,20.184423152013935,1344,66586,Colina
1996,20.389302836019176,1412,69252,Colina
1997,20.88315444079862,1502,71924,Colina
1992,20.9531352226163,1217,58082,Colina
2021,8.113692124481686,1131,139394,Conchalí
2020,9.202916771435756,1281,139195,Conchalí
2019,11.533806739475947,1582,137162,Conchalí
2017,11.89476840053965,1587,133420,Conchalí
2018,11.96900051073657,1617,135099,Conchalí
2016,12.296531535260343,1634,132883,Conchalí
2012,12.894740709174002,1755,136102,Conchalí
2013,13.051814890766009,1763,135077,Conchalí
2011,13.115975916291577,1795,136856,Conchalí
2010,13.289060683561962,1829,137632,Conchalí
2015,13.292947165595782,1773,133379,Conchalí
2014,13.48420134618395,1809,134157,Conchalí
2008,13.90434214587715,1937,139309,Conchalí
2005,13.929639451560119,1975,141784,Conchalí
2007,14.24676307261852,1996,140102,Conchalí
2009,14.33357884551507,1985,138486,Conchalí
2006,14.623036426331398,2061,140942,Conchalí
2004,14.749097029841849,2103,142585,Conchalí
2003,14.944342798083772,2140,143198,Conchalí
2002,16.337251022384475,2345,143537,Conchalí
1999,18.485979939966324,2525,136590,Conchalí
2001,18.771150592216582,2485,132384,Conchalí
2000,18.904040478981496,2548,134786,Conchalí
1998,19.489062703312275,2696,138334,Conchalí
1997,19.964881224303333,2797,140096,Conchalí
1996,20.780758765560897,2948,141862,Conchalí
1995,21.44607843137255,3080,143616,Conchalí
1994,23.87253280405778,3464,145104,Conchalí
1993,24.01124162676162,3520,146598,Conchalí
1992,24.21696673374843,3586,148078,Conchalí
2021,9.515828174420804,352,36991,Curacaví
2020,9.964315124897063,363,36430,Curacaví
2019,10.13437849944009,362,35720,Curacaví
2017,10.8337944491365,372,34337,Curacaví
2018,11.56614119259767,405,35016,Curacaví
2016,11.802734201239582,398,33721,Curacaví
2006,12.057733146168522,335,27783,Curacaví
2013,12.195502323695456,391,32061,Curacaví
2011,12.552165895635857,388,30911,Curacaví
2015,12.574633616790303,417,33162,Curacaví
2004,12.585985335248317,333,26458,Curacaví
2012,12.888479730802196,406,31501,Curacaví
2010,12.936439838954525,392,30302,Curacaví
2005,13.156440022111664,357,27135,Curacaví
2007,13.442184530931101,382,28418,Curacaví
2009,13.469374010842847,400,29697,Curacaví
2014,13.615455381784729,444,32610,Curacaví
2008,13.90322802670521,404,29058,Curacaví
2001,14.07166640241002,355,25228,Curacaví
2002,14.36632118131978,359,24989,Curacaví
2003,14.443236527411088,372,25756,Curacaví
1999,15.063107800537969,364,24165,Curacaví
1996,16.456146593132896,370,22484,Curacaví
1998,17.076271186440678,403,23600,Curacaví
2000,17.226737838165715,426,24729,Curacaví
1995,18.89203249064525,414,21914,Curacaví
1997,19.65889858091394,453,23043,Curacaví
1994,19.71368223421732,420,21305,Curacaví
1993,20.889748549323016,432,20680,Curacaví
1992,22.472469978573923,451,20069,Curacaví
2021,8.353270581934815,1435,171789,El Bosque
2020,9.976744186046512,1716,172000,El Bosque
2019,11.073725705155493,1899,171487,El Bosque
2017,12.259881382427503,2094,170801,El Bosque
2016,12.728388926243168,2177,171035,El Bosque
2013,12.899277086172253,2234,173188,El Bosque
2018,13.050189438233781,2232,171032,El Bosque
2015,13.637899495496756,2341,171654,El Bosque
2012,13.80518771723207,2403,174065,El Bosque
2014,13.906051481977826,2397,172371,El Bosque
2005,14.269457336665477,2558,179264,El Bosque
2011,14.36408463998261,2511,174811,El Bosque
2007,14.573076382050921,2590,177725,El Bosque
2008,14.745596094959378,2610,177002,El Bosque
2010,14.964738587037017,2627,175546,El Bosque
2006,15.171548304685924,2708,178492,El Bosque
2004,15.54182456686263,2797,179966,El Bosque
2009,15.73047730341158,2773,176282,El Bosque
2002,16.745576875155745,3024,180585,El Bosque
2003,16.851753335993262,3041,180456,El Bosque
2001,17.950186407941427,3197,178104,El Bosque
2000,18.549718731633593,3314,178655,El Bosque
1999,19.07483940523786,3397,178088,El Bosque
1998,20.354700228729815,3613,177502,El Bosque
1996,20.940032782608203,3692,176313,El Bosque
1997,21.174847943563886,3746,176908,El Bosque
1995,21.265456863046364,3737,175731,El Bosque
1992,21.59205245931974,3734,172934,El Bosque
1994,21.952307938760097,3837,174788,El Bosque
1993,22.299294843036428,3877,173862,El Bosque
2020,9.84655370620283,394,40014,El Monte
2021,9.871984244214673,401,40620,El Monte
2019,11.146172638436482,438,39296,El Monte
2017,12.664573494103058,480,37901,El Monte
2018,12.696603010908714,490,38593,El Monte
2006,13.47955220470642,413,30639,El Monte
2008,13.568309419837805,435,32060,El Monte
2012,13.658452425453603,475,34777,El Monte
2016,13.718120805369127,511,37250,El Monte
2007,13.778585781264951,432,31353,El Monte
2003,14.08202781200493,400,28405,El Monte
2005,14.567323755429335,436,29930,El Monte
2015,14.684608455932528,538,36637,El Monte
2009,14.802380589043187,485,32765,El Monte
2004,15.040427572975196,439,29188,El Monte
2014,15.243648479800084,549,36015,El Monte
2013,15.45154091692325,547,35401,El Monte
2010,15.453132472501196,517,33456,El Monte
2002,15.779164248403944,435,27568,El Monte
2011,15.883714796471587,542,34123,El Monte
2000,16.78399407187847,453,26990,El Monte
1999,17.818044545111363,472,26490,El Monte
1997,17.941973224451335,457,25471,El Monte
2001,18.515143783941394,508,27437,El Monte
1998,18.740139300419443,487,25987,El Monte
1996,19.22922842720936,480,24962,El Monte
1995,19.952571755662767,488,24458,El Monte
1993,21.477258112916363,501,23327,El Monte
1994,21.63632559112785,517,23895,El Monte
1992,21.6589051928653,493,22762,El Monte
2021,10.178579754744254,2183,214470,Estación Central
2020,11.07876513598205,2291,206792,Estación Central
2013,12.966072234262088,1753,135199,Estación Central
2019,13.120487485651143,2446,186426,Estación Central
2012,13.183846413438824,1758,133345,Estación Central
2017,13.184966045854905,1961,148730,Estación Central
2011,13.568407067483164,1777,130966,Estación Central
2015,13.612303290414879,1903,139800,Estación Central
2010,13.689801369756644,1763,128782,Estación Central
2014,13.921857024275875,1912,137338,Estación Central
2016,14.231366351035708,2035,142994,Estación Central
2009,14.285826790256657,1814,126979,Estación Central
2007,14.661098411108508,1815,123797,Estación Central
2008,15.019712374902237,1882,125302,Estación Central
2006,15.095477059436913,1853,122752,Estación Central
2005,15.157956700896069,1854,122312,Estación Central
2018,15.225005115120295,2530,166174,Estación Central
2003,15.52120592743996,1944,125248,Estación Central
2004,15.711449586669271,1931,122904,Estación Central
2002,16.16000607233671,2129,131745,Estación Central
2001,16.870622642961596,2192,129930,Estación Central
2000,17.237318909392023,2269,131633,Estación Central
1999,18.271698113207545,2421,132500,Estación Central
1997,18.827563075317705,2526,134165,Estación Central
1998,19.08019080190802,2544,133332,Estación Central
1996,20.037333886427945,2705,134998,Estación Central
1995,21.055266393291763,2860,135833,Estación Central
1994,22.36782316813978,3052,136446,Estación Central
1993,23.26039530998052,3188,137057,Estación Central
1992,24.43471123604483,3364,137673,Estación Central
2021,7.846015394965619,898,114453,Huechuraba
2020,9.437651073510594,1062,112528,Huechuraba
2019,11.155705555048801,1223,109630,Huechuraba
2018,12.023691263846457,1283,106706,Huechuraba
2017,13.22598641811431,1375,103962,Huechuraba
2016,14.533626822845013,1479,101764,Huechuraba
2015,14.824218554763641,1483,100039,Huechuraba
2013,15.448640498982828,1496,96837,Huechuraba
2012,15.827202216647947,1508,95279,Huechuraba
2014,16.06462429507697,1581,98415,Huechuraba
2011,16.837176485680384,1575,93543,Huechuraba
2010,17.868622045957224,1640,91781,Huechuraba
2007,18.591836262184252,1606,86382,Huechuraba
2009,18.928496051009187,1704,90023,Huechuraba
2008,19.13354945478452,1688,88222,Huechuraba
2005,19.24007159096406,1591,82692,Huechuraba
2006,19.38566714371888,1639,84547,Huechuraba
2004,19.51877614674357,1577,80794,Huechuraba
2001,20.186416034894588,1555,77032,Huechuraba
1998,20.262054077687147,1483,73191,Huechuraba
1999,20.507249292506604,1529,74559,Huechuraba
2003,20.7156547898605,1632,78781,Huechuraba
1997,20.84319567820445,1497,71822,Huechuraba
2002,20.84339393622992,1597,76619,Huechuraba
1996,21.968041324894276,1548,70466,Huechuraba
2000,22.11509332068861,1679,75921,Huechuraba
1992,23.55899059502747,1518,64434,Huechuraba
1994,24.030560120819082,1623,67539,Huechuraba
1995,24.375063325951338,1684,69087,Huechuraba
1993,24.960596508244425,1647,65984,Huechuraba
2021,9.427381395821339,1392,147655,Independencia
2020,10.769718086791258,1530,142065,Independencia
2012,12.517742782738928,1120,89473,Independencia
2011,13.145507565842346,1145,87102,Independencia
2013,13.413389240749481,1222,91103,Independencia
2006,13.621702198748345,1060,77817,Independencia
2004,13.909507951156229,1040,74769,Independencia
2019,13.933117949587867,1807,129691,Independencia
2005,13.985463514470888,1066,76222,Independencia
2009,14.397228804079816,1197,83141,Independencia
2010,14.484391007901648,1230,84919,Independencia
2007,14.565854517553237,1158,79501,Independencia
2008,14.567045286915475,1185,81348,Independencia
2002,15.162273923395013,1089,71823,Independencia
2014,15.30129803146222,1424,93064,Independencia
2003,15.32770998826195,1123,73266,Independencia
2015,15.56505880133325,1485,95406,Independencia
2016,15.86240427859487,1566,98724,Independencia
2017,16.123372250727922,1700,105437,Independencia
2018,16.21801376228928,1902,117277,Independencia
1998,16.84903793617744,1141,67719,Independencia
1997,17.16469972676007,1181,68804,Independencia
1999,17.530430606210697,1168,66627,Independencia
1994,18.75893861342146,1351,72019,Independencia
2000,18.99178651033556,1244,65502,Independencia
2001,19.020047316647986,1222,64248,Independencia
1996,19.81430349504285,1385,69899,Independencia
1993,19.94224004598897,1457,73061,Independencia
1992,20.240183510997166,1500,74110,Independencia
1995,20.56743583241766,1460,70986,Independencia
2021,8.773864666813715,358,40803,Isla de Maipo
2020,10.654452216773294,428,40171,Isla de Maipo
2019,10.67633707808181,421,39433,Isla de Maipo
2018,10.829671749806153,419,38690,Isla de Maipo
2017,10.983800869221652,417,37965,Isla de Maipo
2016,11.855587146612306,442,37282,Isla de Maipo
2012,13.052266820675715,452,34630,Isla de Maipo
2013,13.541076487252125,478,35300,Isla de Maipo
2008,14.080060613713853,446,31676,Isla de Maipo
2014,14.375086890031975,517,35965,Isla de Maipo
2010,14.400626638146598,478,33193,Isla de Maipo
2015,14.46822450316663,530,36632,Isla de Maipo
2005,14.574373677384123,427,29298,Isla de Maipo
2011,14.648236022281825,497,33929,Isla de Maipo
2009,14.951599975337567,485,32438,Isla de Maipo
2007,15.151024636602028,468,30889,Isla de Maipo
2002,15.46990298535416,413,26697,Isla de Maipo
2006,15.514950166112957,467,30100,Isla de Maipo
2004,15.838454784899033,451,28475,Isla de Maipo
2003,16.11676505740466,445,27611,Isla de Maipo
1998,16.9309218388973,425,25102,Isla de Maipo
2001,17.271608162047226,463,26807,Isla de Maipo
1997,17.377824916374315,426,24514,Isla de Maipo
1999,17.39773479157747,447,25693,Isla de Maipo
2000,18.304981542794078,481,26277,Isla de Maipo
1993,18.69413312763737,412,22039,Isla de Maipo
1996,18.892371995820273,452,23925,Isla de Maipo
1994,20.141918991581825,457,22689,Isla de Maipo
1992,20.41769845348783,437,21403,Isla de Maipo
1995,20.631380286523118,481,23314,Isla de Maipo
2021,9.305223186915333,941,101126,La Cisterna
2020,10.21566401816118,1026,100434,La Cisterna
2019,10.932280595201943,1080,98790,La Cisterna
2012,11.284462491985467,1056,93580,La Cisterna
2018,11.45945945945946,1113,97125,La Cisterna
2013,11.59033960654689,1087,93785,La Cisterna
2010,11.614251699580896,1078,92817,La Cisterna
2008,11.660381869355907,1073,92021,La Cisterna
2004,11.884022591848735,1071,90121,La Cisterna
2017,11.960021745494082,1144,95652,La Cisterna
2016,12.054297114146381,1142,94738,La Cisterna
2011,12.091366528265043,1127,93207,La Cisterna
2015,12.139138916277048,1145,94323,La Cisterna
2003,12.284545393574925,1099,89462,La Cisterna
2009,12.397364748645053,1146,92439,La Cisterna
2005,12.432981047150452,1127,90646,La Cisterna
2006,12.467486857556768,1136,91117,La Cisterna
2007,12.471878208068498,1142,91566,La Cisterna
2014,12.58176017016751,1183,94025,La Cisterna
2002,12.7635083284431,1131,88612,La Cisterna
2001,14.6879549301109,1241,84491,La Cisterna
1999,15.366293589862178,1329,86488,La Cisterna
2000,15.432026708379054,1322,85666,La Cisterna
1998,17.485963103013635,1526,87270,La Cisterna
1997,17.806850186245114,1568,88056,La Cisterna
1996,18.537694437566127,1647,88846,La Cisterna
1995,19.15610496251339,1717,89632,La Cisterna
1993,19.25696458388259,1753,91032,La Cisterna
1994,19.91674600890109,1799,90326,La Cisterna
1992,21.37888930074352,1961,91726,La Cisterna
2021,8.193788022755038,3320,405185,La Florida
2020,9.293472453799762,3740,402433,La Florida
2019,10.502014965434334,4167,396781,La Florida
2017,11.464974748063069,4429,386307,La Florida
2018,11.626834231122091,4537,390218,La Florida
2012,12.312542715515324,4702,381887,La Florida
2013,12.333787038006491,4712,382040,La Florida
2015,12.363085679969712,4735,382995,La Florida
2016,12.459112027835072,4784,383976,La Florida
2011,12.466401814629798,4754,381345,La Florida
2014,12.652368461657153,4838,382379,La Florida
2007,12.875773942827031,4887,379550,La Florida
2010,12.898279004059598,4912,380826,La Florida
2006,12.995093554655059,4929,379297,La Florida
2008,13.00659804558889,4942,379961,La Florida
2005,13.362805714406296,5066,379112,La Florida
2003,13.375671559710648,5059,378224,La Florida
2009,13.520085594786499,5143,380397,La Florida
2004,13.57500699470514,5143,378858,La Florida
2002,14.559230440676707,5488,376943,La Florida
2001,15.468874333539826,5968,385807,La Florida
2000,16.185676406404397,6208,383549,La Florida
1999,17.033249307250642,6399,375677,La Florida
1998,17.904302720858105,6610,369185,La Florida
1997,18.579837609076247,6739,362705,La Florida
1996,19.41799357693085,6917,356216,La Florida
1995,19.901863226160653,6960,349716,La Florida
1993,21.209001323724078,7210,339950,La Florida
1994,21.28214868795365,7339,344843,La Florida
1992,21.762356971892775,7292,335074,La Florida
2021,8.219425049988528,1003,122028,La Granja
2020,9.856638135724602,1208,122557,La Granja
2019,10.6407303967204,1303,122454,La Granja
2017,11.728888816337193,1437,122518,La Granja
2018,11.830838616903065,1448,122392,La Granja
2016,13.001682092620733,1600,123061,La Granja
2015,14.311645355169215,1774,123955,La Granja
2012,14.368177671521597,1827,127156,La Granja
2011,15.07976752350119,1933,128185,La Granja
2013,15.108353237107512,1904,126023,La Granja
2014,15.278600355353513,1909,124946,La Granja
2008,15.32391963320081,2012,131298,La Granja
2007,15.482964205562984,2049,132339,La Granja
2006,15.589632894125407,2080,133422,La Granja
2009,15.714724397359127,2047,130260,La Granja
2004,15.845615898729696,2148,135558,La Granja
2010,15.988732045567112,2066,129216,La Granja
2005,16.02075635812152,2155,134513,La Granja
2003,16.732139192635806,2283,136444,La Granja
2002,18.035765097292447,2472,137061,La Granja
2001,19.820451780930277,2656,134003,La Granja
2000,19.94242810932724,2688,134788,La Granja
1998,20.51388775335766,2760,134543,La Granja
1999,20.591227379723616,2773,134669,La Granja
1997,20.802952293086516,2796,134404,La Granja
1995,21.88012524228418,2935,134140,La Granja
1996,21.919501876899243,2943,134264,La Granja
1994,23.22467724804404,3105,133694,La Granja
1992,23.734046157900682,3152,132805,La Granja
1993,24.038425456865173,3203,133245,La Granja
2021,10.107994552767426,1915,189454,La Pintana
2020,10.933002350331423,2070,189335,La Pintana
2019,12.40278042681247,2341,188748,La Pintana
2018,13.540145016068632,2549,188255,La Pintana
2017,13.56067457573017,2549,187970,La Pintana
2016,14.998404425061164,2820,188020,La Pintana
2015,16.36541279921837,3082,188324,La Pintana
2014,17.06385166107587,3220,188703,La Pintana
2012,17.22693282602853,3269,189761,La Pintana
2011,17.2983826459009,3291,190249,La Pintana
2013,17.574553104221067,3325,189194,La Pintana
2003,18.218633858772268,3554,195075,La Pintana
2010,18.243774574049805,3480,190750,La Pintana
2008,18.33140426064379,3516,191802,La Pintana
2007,18.332553667030513,3527,192390,La Pintana
2006,18.739317346040295,3618,193070,La Pintana
2004,18.800026732332242,3657,194521,La Pintana
2005,18.925947329315612,3668,193808,La Pintana
2009,19.005144721432156,3635,191264,La Pintana
2002,19.226239849262186,3755,195306,La Pintana
2001,20.033976644882845,3927,196017,La Pintana
2000,20.381975989200786,3971,194829,La Pintana
1999,20.67786392832644,3979,192428,La Pintana
1997,20.966495188847723,3933,187585,La Pintana
1998,21.136730859311267,4016,190001,La Pintana
1996,21.613622739129728,4002,185161,La Pintana
1995,21.83406113537118,3990,182742,La Pintana
1994,22.036055968469096,3964,179887,La Pintana
1993,22.098323984476945,3912,177027,La Pintana
1992,22.485329413521058,3916,174158,La Pintana
2021,6.2513065031505395,628,100459,La Reina
2020,7.161951881259227,718,100252,La Reina
2019,7.78528369331435,771,99033,La Reina
2017,8.676699961781203,840,96811,La Reina
2018,8.710765770371129,852,97810,La Reina
2016,9.156426608596464,883,96435,La Reina
2009,9.548549452556596,941,98549,La Reina
2015,9.616977225672878,929,96600,La Reina
2013,9.857533458051519,959,97286,La Reina
2006,9.887531842484167,982,99317,La Reina
2007,9.954065922972086,986,99055,La Reina
2008,10.069321459292617,995,98815,La Reina
2012,10.18236148918316,995,97718,La Reina
2011,10.317800502112545,1011,97986,La Reina
2014,10.680673656402211,1035,96904,La Reina
2005,10.70635853244549,1066,99567,La Reina
2010,10.706834257798585,1052,98255,La Reina
2004,11.506118889880028,1148,99773,La Reina
2003,12.26963141025641,1225,99840,La Reina
2002,12.818326797123397,1278,99701,La Reina
2001,13.581890812250332,1326,97630,La Reina
2000,13.858138581385813,1352,97560,La Reina
1998,14.54934418908955,1401,96293,La Reina
1996,14.654791232392142,1392,94986,La Reina
1999,14.802207437206663,1435,96945,La Reina
1997,14.920847361927267,1427,95638,La Reina
1995,16.40925617732173,1548,94337,La Reina
1994,16.894669955894443,1582,93639,La Reina
1993,17.569341337981193,1633,92946,La Reina
1992,18.12250029806744,1672,92261,La Reina
2021,13.71009464682431,1802,131436,Lampa
2020,14.405270374631595,1828,126898,Lampa
2019,15.22282930682641,1850,121528,Lampa
2016,15.617997232993627,1603,102638,Lampa
2017,15.873753041927515,1709,107662,Lampa
2018,15.983243233847276,1839,115058,Lampa
2015,16.610176412936948,1627,97952,Lampa
2012,16.85913886512689,1419,84168,Lampa
2013,16.961186494162195,1505,88732,Lampa
2014,16.963682930227076,1583,93317,Lampa
2011,17.20538297069551,1368,79510,Lampa
2005,17.25726102077263,918,53195,Lampa
2006,17.373236485542673,995,57272,Lampa
2010,17.614144732449287,1319,74883,Lampa
2009,17.68527601256735,1244,70341,Lampa
2003,17.863420636315695,813,45512,Lampa
2007,18.03398650296772,1109,61495,Lampa
2004,18.078156068660473,891,49286,Lampa
2000,18.60780655634434,768,41273,Lampa
2002,18.709631289177015,785,41957,Lampa
2001,19.022744082840237,823,43264,Lampa
2008,19.03634210766008,1254,65874,Lampa
1999,19.196372339085528,762,39695,Lampa
1994,19.746835443037977,624,31600,Lampa
1998,20.397983828625435,777,38092,Lampa
1996,20.546178754620744,717,34897,Lampa
1997,20.578725269907384,751,36494,Lampa
1995,21.44144144144144,714,33300,Lampa
1993,23.115779613956445,691,29893,Lampa
1992,23.239311690615576,655,28185,Lampa
2021,8.795213781255963,2949,335296,Las Condes
2020,9.345172769297283,3091,330759,Las Condes
2019,10.540999477280248,3408,323309,Las Condes
2018,11.215706430867147,3535,315183,Las Condes
2017,11.507663109181433,3541,307708,Las Condes
2016,12.382899392694323,3713,299849,Las Condes
2013,12.99683317088737,3747,288301,Las Condes
2005,13.046143069783732,3427,262683,Las Condes
2014,13.046520241998545,3804,291572,Las Condes
2012,13.162275153226965,3756,285361,Las Condes
2011,13.21302766888245,3721,281616,Las Condes
2009,13.271325276652728,3647,274803,Las Condes
2008,13.281244246757932,3607,271586,Las Condes
2015,13.361060214522068,3945,295261,Las Condes
2007,13.425294551633169,3603,268374,Las Condes
2004,13.476374063553443,3506,260159,Las Condes
2006,13.672051598902922,3629,265432,Las Condes
2003,13.702882999654614,3531,257683,Las Condes
2010,13.757755597518209,3825,278025,Las Condes
2002,13.809475388550375,3531,255694,Las Condes
2001,14.966749270679758,3817,255032,Las Condes
2000,15.291165458456145,3839,251060,Las Condes
1999,15.308481726361903,3774,246530,Las Condes
1998,16.481540426692902,3987,241907,Las Condes
1997,16.760577032488634,3977,237283,Las Condes
1996,17.51844895538297,4076,232669,Las Condes
1995,18.01517344209095,4108,228030,Las Condes
1993,18.029929408320026,3941,218581,Las Condes
1994,18.09160442079997,4040,223308,Las Condes
1992,18.399887777050406,3935,213860,Las Condes
2020,8.446436055320932,1048,124076,Lo Barnechea
2021,8.587244511733536,1089,126816,Lo Barnechea
2019,9.837302918483731,1173,119240,Lo Barnechea
2017,10.047550511031355,1103,109778,Lo Barnechea
2018,10.094295061318032,1154,114322,Lo Barnechea
2016,11.412737178282923,1215,106460,Lo Barnechea
2015,12.366524996881985,1289,104233,Lo Barnechea
2013,12.717476820730383,1277,100413,Lo Barnechea
2014,12.720854966608977,1301,102273,Lo Barnechea
2012,12.877712431555466,1270,98620,Lo Barnechea
2011,13.545164365957799,1307,96492,Lo Barnechea
2010,13.7234538595227,1295,94364,Lo Barnechea
2009,14.224119252935823,1313,92308,Lo Barnechea
2007,14.543306102507584,1280,88013,Lo Barnechea
2000,14.852521657201184,1135,76418,Lo Barnechea
1999,14.863491633358173,1097,73805,Lo Barnechea
2008,15.012417952811779,1354,90192,Lo Barnechea
2001,15.177490923759581,1204,79328,Lo Barnechea
2006,15.328169588259273,1316,85855,Lo Barnechea
2005,15.392337292956332,1288,83678,Lo Barnechea
2003,15.562039738780047,1232,79167,Lo Barnechea
1998,15.631363847028918,1113,71203,Lo Barnechea
2004,15.770354188655165,1285,81482,Lo Barnechea
2002,15.782408674460127,1211,76731,Lo Barnechea
1997,16.038492381716118,1100,68585,Lo Barnechea
1995,17.201110970837018,1090,63368,Lo Barnechea
1996,17.913433559650827,1182,65984,Lo Barnechea
1992,17.932010817285875,988,55097,Lo Barnechea
1994,19.153990827201635,1161,60614,Lo Barnechea
1993,19.220797179106025,1112,57854,Lo Barnechea
2021,8.947485514746424,925,103381,Lo Espejo
2020,11.158715640494874,1159,103865,Lo Espejo
2017,12.691631063081175,1313,103454,Lo Espejo
2016,12.836921063520627,1334,103919,Lo Espejo
2019,12.880754127147998,1335,103643,Lo Espejo
2015,12.987012987012989,1361,104797,Lo Espejo
2013,13.500617491860336,1443,106884,Lo Espejo
2006,14.138436311621254,1621,114652,Lo Espejo
2004,14.144090248696694,1655,117010,Lo Espejo
2014,14.414669880429132,1525,105795,Lo Espejo
2007,14.433752775721688,1638,113484,Lo Espejo
2010,14.58800461151608,1607,110159,Lo Espejo
2008,14.6129612160262,1642,112366,Lo Espejo
2003,14.6795984922282,1733,118055,Lo Espejo
2005,14.701058338081179,1703,115842,Lo Espejo
2018,14.760183269859066,1527,103454,Lo Espejo
2012,14.772716754445238,1596,108037,Lo Espejo
2011,14.969291410761757,1633,109090,Lo Espejo
2002,15.603182881079354,1855,118886,Lo Espejo
2009,15.7199352867158,1749,111260,Lo Espejo
2001,17.11782386799355,1942,113449,Lo Espejo
1999,17.87588360293161,2061,115295,Lo Espejo
2000,18.629912473410748,2137,114708,Lo Espejo
1998,20.068188684131027,2325,115855,Lo Espejo
1996,20.217649623430244,2365,116977,Lo Espejo
1997,20.341720284165586,2368,116411,Lo Espejo
1995,21.0320330114434,2472,117535,Lo Espejo
1994,22.048086392501784,2597,117788,Lo Espejo
1992,23.566405193400055,2788,118304,Lo Espejo
1993,23.591298749703522,2785,118052,Lo Espejo
2021,7.355969541688617,768,104405,Lo Prado
2020,9.3196555654531,973,104403,Lo Prado
2019,9.989234902192782,1030,103111,Lo Prado
2018,11.22756696757463,1143,101803,Lo Prado
2017,11.570789215151185,1166,100771,Lo Prado
2016,12.164433702344363,1223,100539,Lo Prado
2015,12.80795003513773,1294,101031,Lo Prado
2013,12.897309320793742,1322,102502,Lo Prado
2012,13.322239529416319,1377,103361,Lo Prado
2014,13.547524479924496,1378,101716,Lo Prado
2011,13.79462826601042,1435,104026,Lo Prado
2005,14.053664486084932,1521,108228,Lo Prado
2007,14.30604449104936,1528,106808,Lo Prado
2010,14.335787895284758,1501,104703,Lo Prado
2008,14.547921456299703,1544,106132,Lo Prado
2006,14.657329129581578,1576,107523,Lo Prado
2003,14.860171815024676,1626,109420,Lo Prado
2004,15.133566581264866,1648,108897,Lo Prado
2009,15.517257732545456,1636,105431,Lo Prado
2002,16.54090113735783,1815,109728,Lo Prado
2001,17.565776298599125,1842,104863,Lo Prado
2000,18.84477828839966,1997,105971,Lo Prado
1999,19.313143458330202,2056,106456,Lo Prado
1997,19.973554827175207,2145,107392,Lo Prado
1998,20.733771638594554,2217,106927,Lo Prado
1996,21.72240198032653,2343,107861,Lo Prado
1995,22.200068307902484,2405,108333,Lo Prado
1994,24.680788385944563,2681,108627,Lo Prado
1993,24.78170249102478,2699,108911,Lo Prado
1992,24.94231403142512,2724,109212,Lo Prado
2021,8.071735716696752,1100,136278,Macul
2020,8.653024844951165,1165,134635,Macul
2019,10.370438501690083,1353,130467,Macul
2018,11.103750670325859,1408,126804,Macul
2017,11.464916545130448,1415,123420,Macul
2016,12.242686000968904,1491,121787,Macul
2013,12.288837917929314,1468,119458,Macul
2011,12.745695050576813,1507,118236,Macul
2012,12.915920385459499,1536,118923,Macul
2015,12.975513683043287,1568,120843,Macul
2014,12.982038321578163,1559,120089,Macul
2009,13.1980215781246,1545,117063,Macul
2010,13.231292517006802,1556,117600,Macul
2007,13.27639350472681,1542,116146,Macul
2006,13.413086822548488,1554,115857,Macul
2008,13.468186770294498,1570,116571,Macul
2005,13.527062769028644,1565,115694,Macul
2004,13.982809014026046,1617,115642,Macul
2003,14.607314900499018,1689,115627,Macul
2002,14.894132300027676,1722,115616,Macul
1999,15.694379975652692,1792,114181,Macul
2001,15.72411089729884,1765,112248,Macul
2000,16.10260566233858,1828,113522,Macul
1998,17.576253766962218,2018,114814,Macul
1997,18.302612431570925,2113,115448,Macul
1995,18.524071868600757,2162,116713,Macul
1996,18.61743370608405,2161,116074,Macul
1994,20.841512332508323,2442,117170,Macul
1993,21.515156667063362,2531,117638,Macul
1992,21.693296415779713,2562,118101,Macul
2021,7.011349997346131,4095,584053,Maipú
2020,8.394327736538743,4857,578605,Maipú
2019,9.423573757994154,5340,566664,Maipú
2018,10.461367126806355,5824,556715,Maipú
2017,10.799965772192092,5932,549261,Maipú
2016,11.819034112278988,6442,545053,Maipú
2013,13.015091232596914,6971,535609,Maipú
2012,13.107267397644073,6980,532529,Maipú
2015,13.113428852496535,7105,541811,Maipú
2014,13.268109753833588,7147,538660,Maipú
2011,13.78328344323023,7289,528829,Maipú
2006,13.812508749894016,7005,507149,Maipú
2010,13.959168432122661,7327,524888,Maipú
2008,13.96662109246399,7212,516374,Maipú
2007,14.11310019265564,7223,511794,Maipú
2005,14.25389045606477,7160,502319,Maipú
2009,14.323434244510375,7459,520755,Maipú
2004,14.606924659973084,7261,497093,Maipú
2003,15.355262246946662,7541,491102,Maipú
2002,15.868424315054343,7680,483980,Maipú
2001,15.977462086211844,8127,508654,Maipú
2000,17.13882468875986,8209,478971,Maipú
1999,17.74609301491022,8110,457002,Maipú
1998,19.255792140436704,8376,434986,Maipú
1997,19.4569489276279,8035,412963,Maipú
1996,19.516512299495336,7630,390951,Maipú
1995,19.673162044729473,7258,368929,Maipú
1993,19.994178557273088,6457,322944,Maipú
1994,20.0582756647068,6939,345942,Maipú
1992,20.730812829232512,6218,299940,Maipú
2016,10.678436676870506,150,14047,María Pinto
2011,10.708782742681048,139,12980,María Pinto
2017,10.874140592114493,155,14254,María Pinto
2018,11.054304269725025,160,14474,María Pinto
2020,11.0545357095002,165,14926,María Pinto
2021,11.234469997356594,170,15132,María Pinto
2012,11.516023941207667,152,13199,María Pinto
2015,11.631267157925155,161,13842,María Pinto
2014,11.740534194305841,160,13628,María Pinto
2019,11.898286646722873,175,14708,María Pinto
2004,12.36324824335142,139,11243,María Pinto
2009,12.397024714068623,155,12503,María Pinto
2013,12.5968992248062,169,13416,María Pinto
2003,12.776054024457018,140,10958,María Pinto
2010,13.10112183258806,167,12747,María Pinto
2008,13.210470521079671,162,12263,María Pinto
2005,13.915463558879805,160,11498,María Pinto
2006,14.018691588785046,165,11770,María Pinto
2007,14.153692448588794,170,12011,María Pinto
2000,14.637391882900864,154,10521,María Pinto
1999,14.693088448525858,152,10345,María Pinto
2002,14.834287860294808,158,10651,María Pinto
1997,16.020827075197754,160,9987,María Pinto
1998,16.140143686645015,164,10161,María Pinto
1995,16.192651027610545,156,9634,María Pinto
1996,16.410151870349605,161,9811,María Pinto
2001,16.710476905745402,178,10652,María Pinto
1993,18.64296553219163,172,9226,María Pinto
1994,19.817719372615517,187,9436,María Pinto
1992,20.37201062887511,184,9032,María Pinto
2021,11.399439417439265,1639,143779,Melipilla
2020,12.37183289551733,1752,141612,Melipilla
2013,12.859437751004016,1601,124500,Melipilla
2017,13.02239702173652,1735,133232,Melipilla
2015,13.092361364713561,1685,128701,Melipilla
2019,13.177898020793556,1829,138793,Melipilla
2016,13.229899113420972,1731,130840,Melipilla
2012,13.528748590755354,1656,122406,Melipilla
2018,13.593732759571886,1848,135945,Melipilla
2007,13.81517680352251,1528,110603,Melipilla
2010,13.977052853117893,1647,117836,Melipilla
2006,13.983297727714119,1512,108129,Melipilla
2014,14.431165630603234,1827,126601,Melipilla
2009,14.608843242868772,1687,115478,Melipilla
2005,14.931873917036727,1577,105613,Melipilla
2011,14.939410080564617,1795,120152,Melipilla
2008,14.97408501530134,1693,113062,Melipilla
2004,15.006357803597254,1546,103023,Melipilla
2003,15.504726199497467,1555,100292,Melipilla
2002,16.633276827451585,1619,97335,Melipilla
2001,18.00322292588297,1754,97427,Melipilla
2000,18.044237485448196,1736,96208,Melipilla
1999,18.496987633442554,1750,94610,Melipilla
1997,18.66806731884534,1706,91386,Melipilla
1998,18.82714721947443,1751,93004,Melipilla
1996,19.417151259942514,1743,89766,Melipilla
1995,20.04424025863536,1767,88155,Melipilla
1993,21.528130800241172,1821,84587,Melipilla
1994,21.97624065025589,1898,86366,Melipilla
1992,22.85983407600623,1893,82809,Melipilla
1992,,0,0,Padre Hurtado
1993,,0,0,Padre Hurtado
1994,,0,0,Padre Hurtado
1995,0.0,0,34490,Padre Hurtado
1996,0.0,0,35505,Padre Hurtado
2021,11.375116440782483,867,76219,Padre Hurtado
2020,11.578691971747451,859,74188,Padre Hurtado
2010,11.636698939603503,631,54225,Padre Hurtado
2009,12.173713936803543,638,52408,Padre Hurtado
2016,12.491378649704957,815,65245,Padre Hurtado
2011,12.650097239816581,709,56047,Padre Hurtado
2017,12.957101888586754,872,67299,Padre Hurtado
2019,12.971107276067471,932,71852,Padre Hurtado
2007,12.98648095043015,634,48820,Padre Hurtado
2008,13.379711061483428,677,50599,Padre Hurtado
2006,13.469873374691936,634,47068,Padre Hurtado
2012,13.492502245871053,781,57884,Padre Hurtado
2018,14.251200782306078,991,69538,Padre Hurtado
2013,14.261773085302497,851,59670,Padre Hurtado
2004,14.37315177773193,627,43623,Padre Hurtado
2005,14.378969654199013,652,45344,Padre Hurtado
2014,14.732186412566262,906,61498,Padre Hurtado
2015,14.83913743567076,940,63346,Padre Hurtado
2003,15.06433977128942,631,41887,Padre Hurtado
2000,16.24475771815472,643,39582,Padre Hurtado
2001,16.603438931861852,674,40594,Padre Hurtado
2002,16.683707823137734,669,40099,Padre Hurtado
1997,17.544339829209548,641,36536,Padre Hurtado
1999,17.757154707590214,685,38576,Padre Hurtado
1998,18.37256363830014,690,37556,Padre Hurtado
2021,9.718057810592684,820,84379,Paine
2020,11.127757774931736,921,82766,Paine
2019,11.609322149397233,937,80711,Paine
2017,12.105558381925148,928,76659,Paine
2016,12.496662216288385,936,74900,Paine
2014,12.764949344333115,916,71759,Paine
2018,13.032422123331214,1025,78650,Paine
2013,13.114614037336066,921,70227,Paine
2015,13.120746327691322,962,73319,Paine
2012,13.555225532162721,931,68682,Paine
2008,14.074062132228473,873,62029,Paine
2007,14.357239961537186,866,60318,Paine
2009,14.389279437609842,917,63728,Paine
2011,14.660919625945205,983,67049,Paine
2005,14.782654549928813,841,56891,Paine
2006,15.238127740900637,893,58603,Paine
2010,15.306278479464204,1001,65398,Paine
1999,15.551224608707882,774,49771,Paine
2004,15.792145628603544,871,55154,Paine
2002,16.232819456054745,835,51439,Paine
2003,16.38360889288794,874,53346,Paine
2000,16.611230678927804,849,51110,Paine
1998,17.176951504015527,832,48437,Paine
1997,17.79684413957143,838,47087,Paine
2001,18.224797925880736,956,52456,Paine
1996,18.31854151182617,838,45746,Paine
1995,19.007724703285817,844,44403,Paine
1994,19.348529651447066,831,42949,Paine
1993,20.677190022894322,858,41495,Paine
1992,21.748358261130118,871,40049,Paine
2021,8.062639071213772,866,107409,Pedro Aguirre Cerda
2020,9.832750480042298,1060,107803,Pedro Aguirre Cerda
2019,11.510657152185065,1234,107205,Pedro Aguirre Cerda
2015,11.718713640806069,1259,107435,Pedro Aguirre Cerda
2017,11.76393084690891,1250,106257,Pedro Aguirre Cerda
2007,11.82355616189177,1378,116547,Pedro Aguirre Cerda
2016,12.302927927927927,1311,106560,Pedro Aguirre Cerda
2013,12.341062079281976,1353,109634,Pedro Aguirre Cerda
2006,12.567507897150232,1480,117764,Pedro Aguirre Cerda
2005,12.655993949325602,1506,118995,Pedro Aguirre Cerda
2018,12.71985366540031,1356,106605,Pedro Aguirre Cerda
2004,12.76163854780207,1534,120204,Pedro Aguirre Cerda
2012,12.889666618559676,1429,110864,Pedro Aguirre Cerda
2011,12.916019079264698,1446,111954,Pedro Aguirre Cerda
2014,13.329523142301417,1446,108481,Pedro Aguirre Cerda
2008,13.485405255494696,1556,115384,Pedro Aguirre Cerda
2003,13.802770448548813,1674,121280,Pedro Aguirre Cerda
2010,13.823906602396852,1563,113065,Pedro Aguirre Cerda
2009,14.086356632581595,1609,114224,Pedro Aguirre Cerda
2002,14.254951569190963,1741,122133,Pedro Aguirre Cerda
2001,16.049850606827135,1821,113459,Pedro Aguirre Cerda
2000,16.1727635761991,1867,115441,Pedro Aguirre Cerda
1999,16.39807021145555,1917,116904,Pedro Aguirre Cerda
1997,17.421806489330606,2086,119735,Pedro Aguirre Cerda
1998,17.78303680851963,2104,118315,Pedro Aguirre Cerda
1996,19.95146272204979,2417,121144,Pedro Aguirre Cerda
1995,20.488091449832325,2511,122559,Pedro Aguirre Cerda
1993,20.751138391606712,2593,124957,Pedro Aguirre Cerda
1994,20.855723001090865,2581,123755,Pedro Aguirre Cerda
1992,21.20424243385069,2675,126154,Pedro Aguirre Cerda
2021,8.52269960162467,875,102667,Peñaflor
2020,9.77656395337331,988,101058,Peñaflor
2019,11.044764075770107,1095,99142,Peñaflor
2018,11.505835175569379,1119,97255,Peñaflor
2017,12.345420247327604,1178,95420,Peñaflor
2013,13.585856313824284,1208,88916,Peñaflor
2016,13.731954802983259,1287,93723,Peñaflor
2014,13.755234170432322,1245,90511,Peñaflor
2011,14.467707469727578,1239,85639,Peñaflor
2015,14.828967508711747,1366,92117,Peñaflor
2012,14.978528485542514,1308,87325,Peñaflor
2009,15.091767684143907,1240,82164,Peñaflor
2010,15.659075471023558,1314,83913,Peñaflor
2007,15.959883928116886,1254,78572,Peñaflor
2005,16.188010462819623,1213,74932,Peñaflor
2006,16.415440936982947,1260,76757,Peñaflor
2001,16.581157384849092,1157,69778,Peñaflor
2008,16.597407121706024,1334,80374,Peñaflor
2003,16.839469352728504,1197,71083,Peñaflor
2004,16.931752853896903,1237,73058,Peñaflor
1999,17.009266805517825,1127,66258,Peñaflor
2000,17.479381973744175,1189,68023,Peñaflor
1998,17.725876988927144,1143,64482,Peñaflor
1997,17.766578418551244,1114,62702,Peñaflor
2002,17.966676817331535,1239,68961,Peñaflor
1994,19.950344827586207,1808,90625,Peñaflor
1993,20.693276111992514,1813,87613,Peñaflor
1992,20.781124403045062,1758,84596,Peñaflor
1996,23.01265531900924,1402,60923,Peñaflor
1995,24.697827740681262,1461,59155,Peñaflor
2021,7.207682252985562,1941,269296,Peñalolen
2020,8.572028276074034,2287,266798,Peñalolen
2019,9.631369438894566,2526,262268,Peñalolen
2018,10.794912189481364,2782,257714,Peñalolen
2017,11.533638794034841,2925,253606,Peñalolen
2016,12.828286051632256,3216,250696,Peñalolen
2013,14.530269359447116,3570,245694,Peñalolen
2015,14.741343278783399,3668,248824,Peñalolen
2014,14.854849671510404,3672,247192,Peñalolen
2012,15.114236939817335,3692,244273,Peñalolen
2011,16.162424322407166,3919,242476,Peñalolen
2007,16.466090835947846,3868,234907,Peñalolen
2010,16.53105494560294,3978,240638,Peñalolen
2008,16.986356882344996,4024,236896,Peñalolen
2009,17.005221746249095,4061,238809,Peñalolen
2006,17.02191598514607,3965,232935,Peñalolen
2005,17.78120371733689,4106,230918,Peñalolen
2002,17.827482617980596,3982,223363,Peñalolen
2004,18.332502819376327,4194,228774,Peñalolen
2003,18.34700226244344,4152,226304,Peñalolen
2001,18.670669758340146,4179,223827,Peñalolen
2000,19.26700242762419,4254,220792,Peñalolen
1999,20.226294644298584,4385,216797,Peñalolen
1998,21.013004469552058,4471,212773,Peñalolen
1997,21.59448545437997,4508,208757,Peñalolen
1995,23.169255145816827,4650,200697,Peñalolen
1996,23.226959881593793,4755,204719,Peñalolen
1994,23.688663282571913,4648,196212,Peñalolen
1992,23.692404650889532,4436,187233,Peñalolen
1993,23.90936971897102,4584,191724,Peñalolen
2021,8.672191173636538,270,31134,Pirque
2020,9.792002102980318,298,30433,Pirque
2019,9.8257698541329,291,29616,Pirque
2018,11.180943782770235,322,28799,Pirque
2016,11.294876966518759,308,27269,Pirque
2017,11.353088182791861,318,28010,Pirque
2011,11.878185417631943,282,23741,Pirque
2015,11.97289156626506,318,26560,Pirque
2013,12.322613984179354,310,25157,Pirque
2012,12.427438476003596,304,24462,Pirque
2007,12.534818941504177,261,20822,Pirque
2010,13.081269013472403,301,23010,Pirque
2005,13.114415530772408,254,19368,Pirque
2002,13.540329170071203,232,17134,Pirque
2014,13.614387932701606,352,25855,Pirque
2006,13.632519030797553,274,20099,Pirque
2009,13.908829863603733,310,22288,Pirque
2008,14.06032482598608,303,21550,Pirque
2001,14.457142857142857,253,17500,Pirque
2003,14.636871508379889,262,17900,Pirque
1998,14.793273485902137,234,15818,Pirque
2004,15.07348996888746,281,18642,Pirque
2000,15.262659725508755,258,16904,Pirque
1999,15.70328730294513,257,16366,Pirque
1997,17.42662473794549,266,15264,Pirque
1995,17.705981941309254,251,14176,Pirque
1996,18.468223791417707,272,14728,Pirque
1993,18.6025059574141,242,13009,Pirque
1994,21.041789287816364,286,13592,Pirque
1992,22.281209781209782,277,12432,Pirque
2021,9.085058390557538,1454,160043,Providencia
2020,10.269478728866744,1620,157749,Providencia
2019,11.22075029460135,1733,154446,Providencia
2018,12.301214231803074,1858,151042,Providencia
2017,12.426772015748243,1837,147826,Providencia
2005,12.831459418913635,1608,125317,Providencia
2007,12.90765640973615,1654,128141,Providencia
2008,13.026453721403465,1690,129736,Providencia
2009,13.12723673189675,1724,131330,Providencia
2006,13.190716766656141,1671,126680,Providencia
2004,13.25069114766783,1644,124069,Providencia
2003,13.773005885273792,1692,122849,Providencia
2002,13.907920540234507,1695,121873,Providencia
2000,14.138335872904852,1698,120099,Providencia
2011,14.155390108299498,1907,134719,Providencia
2010,14.225318207805493,1891,132932,Providencia
2012,14.298055523017453,1953,136592,Providencia
2001,14.466650693589564,1751,121037,Providencia
2016,14.556931226494449,2094,143849,Providencia
2015,14.667542762669832,2076,141537,Providencia
2013,14.696615215234067,2029,138059,Providencia
1998,14.77142493314657,1740,117795,Providencia
2014,14.947062487025118,2088,139693,Providencia
1994,15.063813215796646,1702,112986,Providencia
1997,15.146057393780339,1766,116598,Providencia
1999,15.160810481464985,1804,118991,Providencia
1996,15.408747800916899,1778,115389,Providencia
1995,15.832567100135732,1808,114195,Providencia
1993,16.45343115326116,1839,111770,Providencia
1992,16.840772396327953,1862,110565,Providencia
2021,7.91872396310311,2032,256607,Pudahuel
2020,9.283437162981603,2350,253139,Pudahuel
2019,10.9926836241227,2730,248347,Pudahuel
2018,12.109141768155535,2961,244526,Pudahuel
2017,12.350700122012965,2976,240958,Pudahuel
2016,13.551888694717032,3226,238048,Pudahuel
2015,14.375851285467576,3388,235673,Pudahuel
2013,15.146860952595214,3501,231137,Pudahuel
2004,15.40182661613093,3194,207378,Pudahuel
2014,15.566753220042678,3633,233382,Pudahuel
2010,15.740289689261118,3522,223757,Pudahuel
2002,15.842025717895988,3197,201805,Pudahuel
2006,16.05704997510171,3418,212866,Pudahuel
2005,16.084362002836176,3380,210142,Pudahuel
2012,16.155949915681497,3698,228894,Pudahuel
2007,16.247153385557983,3503,215607,Pudahuel
2011,16.26975186750953,3683,226371,Pudahuel
2009,16.40834528079165,3628,221107,Pudahuel
2001,16.4485311563361,3397,206523,Pudahuel
2008,16.45297188387215,3593,218380,Pudahuel
2003,16.618913976707116,3399,204526,Pudahuel
2000,17.04539779253858,3413,200230,Pudahuel
1999,18.55352553041346,3602,194141,Pudahuel
1998,20.641750480009787,3881,188017,Pudahuel
1997,21.653207852105126,3939,181913,Pudahuel
1992,21.687967944743352,3253,149991,Pudahuel
1996,22.64556645202394,3981,175796,Pudahuel
1995,23.313924707102615,3956,169684,Pudahuel
1993,23.403766064539205,3664,156556,Pudahuel
1994,24.64534006890886,4020,163114,Pudahuel
2021,7.743121338924909,5072,655033,Puente Alto
2020,9.101901351428761,5879,645909,Puente Alto
2019,10.36930938493957,6530,629743,Puente Alto
2018,11.443294447142994,7044,615557,Puente Alto
2017,12.124138478430543,7332,604744,Puente Alto
2016,13.471061267776172,8066,598765,Puente Alto
2015,14.277961851281344,8472,593362,Puente Alto
2013,14.458915186496315,8422,582478,Puente Alto
2012,14.47730565781355,8353,576972,Puente Alto
2011,14.997609000667378,8562,570891,Puente Alto
2014,15.138500267900426,8900,587905,Puente Alto
2010,15.1608280621454,8559,564547,Puente Alto
2004,15.229899874150421,7975,523641,Puente Alto
2007,15.307312861119021,8332,544315,Puente Alto
2006,15.384901623331318,8269,537475,Puente Alto
2005,15.506564093672614,8228,530614,Puente Alto
2008,15.709304392944874,8659,551202,Puente Alto
2001,15.742652445696125,8273,525515,Puente Alto
2009,15.76243969231431,8795,557972,Puente Alto
2003,16.054948161746196,8291,516414,Puente Alto
2000,16.41757380785622,8298,505434,Puente Alto
2002,16.54127073547511,8427,509453,Puente Alto
1999,17.0632989321919,8204,480798,Puente Alto
1998,17.963993080146203,8193,456079,Puente Alto
1997,18.26810060437739,7880,431353,Puente Alto
1996,18.296776668658655,7440,406629,Puente Alto
1995,18.361474678026187,7013,381941,Puente Alto
1994,18.84147934262674,6708,356023,Puente Alto
1993,19.568279936378097,6459,330075,Puente Alto
1992,20.861215698525182,6344,304105,Puente Alto
2021,8.160523372761867,2138,261993,Quilicura
2020,10.019866977628055,2552,254694,Quilicura
2019,11.875185099871665,2887,243112,Quilicura
2016,13.57432303251589,2911,214449,Quilicura
2017,13.740272373540856,3051,222048,Quilicura
2018,14.435616461939727,3354,232342,Quilicura
2015,14.784494755127307,3081,208394,Quilicura
1993,15.38055897345755,1050,68268,Quilicura
2013,15.627616230395713,3080,197087,Quilicura
2014,15.703939059046418,3183,202688,Quilicura
2012,16.27166423052829,3117,191560,Quilicura
1999,16.340566626177736,1991,121844,Quilicura
1994,16.762878875931452,1298,77433,Quilicura
1998,16.765015526439182,1895,113033,Quilicura
2000,16.86352258548497,2203,130637,Quilicura
1992,17.087365500439873,1010,59108,Quilicura
2011,17.14147104007762,3180,185515,Quilicura
1997,17.66404728322923,1841,104223,Quilicura
1996,17.671844538079366,1686,95406,Quilicura
2010,18.31830492983649,3287,179438,Quilicura
1995,18.60449002217295,1611,86592,Quilicura
2009,19.53910992983447,3389,173447,Quilicura
2001,19.96949004794421,2749,137660,Quilicura
2007,20.11212681244806,3243,161246,Quilicura
2008,20.86295689995101,3492,167378,Quilicura
2006,21.252875711275365,3298,155179,Quilicura
2003,21.543933298349952,2956,137208,Quilicura
2002,21.55831703586458,2833,131411,Quilicura
2005,22.130301283168635,3301,149162,Quilicura
2004,22.297486033519554,3193,143200,Quilicura
2021,9.553360594367334,1327,138904,Quinta Normal
2020,11.285638859556494,1539,136368,Quinta Normal
2017,12.944819962363821,1534,118503,Quinta Normal
2004,13.182926502505293,1476,111963,Quinta Normal
2005,13.199093068451738,1467,111144,Quinta Normal
2006,13.232343317847395,1464,110638,Quinta Normal
2019,13.247981333087717,1726,130284,Quinta Normal
2016,13.402186490734184,1552,115802,Quinta Normal
2007,13.422454081078145,1482,110412,Quinta Normal
2011,13.526838538491878,1509,111556,Quinta Normal
2010,13.561246373155038,1505,110978,Quinta Normal
2013,13.57341702572832,1531,112794,Quinta Normal
2015,13.7271178295251,1571,114445,Quinta Normal
2012,13.946280991735538,1566,112288,Quinta Normal
2008,13.960057216317514,1542,110458,Quinta Normal
2014,14.061054579093433,1596,113505,Quinta Normal
2002,14.261554823299685,1636,114714,Quinta Normal
2018,14.379528985507246,1778,123648,Quinta Normal
2009,14.58640229189072,1614,110651,Quinta Normal
2003,14.600670339680041,1651,113077,Quinta Normal
2001,16.95423710771553,1752,103337,Quinta Normal
2000,17.884736450523665,1875,104838,Quinta Normal
1999,18.174265240419565,1925,105919,Quinta Normal
1998,19.101134100619877,2043,106957,Quinta Normal
1997,19.204770635405673,2074,107994,Quinta Normal
1996,20.737221524153682,2261,109031,Quinta Normal
1995,21.431621408000293,2359,110071,Quinta Normal
1994,22.362633400634554,2481,110944,Quinta Normal
1993,23.439875511992703,2621,111818,Quinta Normal
1992,24.099806562671922,2716,112698,Quinta Normal
2021,8.264249373724853,1600,193605,Recoleta
2020,9.354202288570303,1778,190075,Recoleta
2019,11.08804534071438,2019,182088,Recoleta
2017,12.5435371809034,2078,165663,Recoleta
2018,13.057464373011115,2265,173464,Recoleta
2016,13.99344775924556,2251,160861,Recoleta
2013,14.368458360207672,2250,156593,Recoleta
2015,14.639185648054827,2324,158752,Recoleta
2014,14.77087990245885,2326,157472,Recoleta
2012,15.145981894016568,2364,156081,Recoleta
2011,15.269341380688925,2368,155082,Recoleta
2004,15.503135035938216,2433,156936,Recoleta
2006,15.600038806066681,2412,154615,Recoleta
2005,15.604104515996296,2427,155536,Recoleta
2007,15.717270827655128,2422,154098,Recoleta
2003,15.761622779387679,2502,158740,Recoleta
2010,15.96247781189671,2464,154362,Recoleta
2009,15.990343493864096,2464,154093,Recoleta
2008,16.18810145322788,2493,154002,Recoleta
2002,16.378401834976135,2642,161310,Recoleta
1999,18.834744782266647,2849,151263,Recoleta
2001,18.83906941493321,2784,147778,Recoleta
2000,19.270934119829445,2888,149863,Recoleta
1998,19.84090581466969,3028,152614,Recoleta
1997,19.854517113723453,3057,153970,Recoleta
1995,20.476029386421228,3208,156671,Recoleta
1996,20.564791325959025,3194,155314,Recoleta
1992,21.441910722204526,3433,160107,Recoleta
1994,21.607989253035257,3410,157812,Recoleta
1993,21.760328134927875,3459,158959,Recoleta
2021,8.870168477635133,73112,8242459,Región Metropolitana
2020,10.024280400222915,81448,8125072,Región Metropolitana
2019,11.352715200211643,89859,7915199,Región Metropolitana
2017,12.364873233546732,92844,7508690,Región Metropolitana
2018,12.459997162104463,95978,7702891,Región Metropolitana
2016,13.157280543730591,96963,7369532,Región Metropolitana
2015,13.917777990849691,101318,7279754,Región Metropolitana
2013,13.940953355815275,99422,7131650,Región Metropolitana
2012,14.095449626230318,99585,7065046,Región Metropolitana
2014,14.374402559077666,103533,7202595,Región Metropolitana
2011,14.450820704901322,100928,6984240,Región Metropolitana
2010,14.673798036917834,101310,6904143,Región Metropolitana
2007,14.712201292360863,98164,6672285,Región Metropolitana
2008,14.905197627896394,100617,6750464,Región Metropolitana
2006,14.932480995644239,98520,6597698,Región Metropolitana
2005,14.965614625730135,97653,6525158,Región Metropolitana
2009,15.058518758926615,102818,6827896,Región Metropolitana
2004,15.181684549999606,97982,6453961,Región Metropolitana
2003,15.630035449564938,99716,6379768,Región Metropolitana
2002,16.192787195350455,102106,6305647,Región Metropolitana
2001,16.973055896284578,105993,6244780,Región Metropolitana
2000,17.432679719922096,107582,6171283,Región Metropolitana
1999,17.73417819410188,107780,6077530,Región Metropolitana
1998,18.554529520529538,111026,5983768,Región Metropolitana
1997,18.86249483875174,111101,5890048,Región Metropolitana
1996,19.538481843174228,113251,5796305,Región Metropolitana
1995,20.003065281374596,114069,5702576,Región Metropolitana
1994,20.822109681646197,116607,5600153,Región Metropolitana
1993,21.1305854538192,116170,5497718,Región Metropolitana
1992,21.559961633451184,116323,5395325,Región Metropolitana
2021,9.391265690699498,1521,161959,Renca
2020,11.01668044787904,1772,160847,Renca
2019,12.405728434887253,1969,158717,Renca
2017,12.972315810575735,2006,154637,Renca
2018,13.016791533337166,2038,156567,Renca
2016,13.53141127269643,2074,153273,Renca
2003,14.840509226147905,2075,139820,Renca
2013,14.886890124676047,2246,150871,Renca
2005,15.030109290766719,2144,142647,Renca
2007,15.110449037579569,2191,144999,Renca
2015,15.158176556665989,2310,152393,Renca
2010,15.313522447465173,2270,148235,Renca
2009,15.487131416461189,2280,147219,Renca
2012,15.551011981272186,2335,150151,Renca
2004,15.657058765264395,2213,141342,Renca
2008,15.813278774898558,2311,146143,Renca
2006,15.84355273768805,2279,143844,Renca
2014,15.955727637905902,2419,151607,Renca
2011,16.037046717197104,2393,149217,Renca
2002,16.71220367726459,2306,137983,Renca
2001,17.285874991728367,2351,136007,Renca
2000,17.904747916131168,2438,136165,Renca
1999,18.211749420501693,2467,135462,Renca
1996,20.269763394397685,2702,133302,Renca
1997,20.310098342063245,2722,134022,Renca
1998,20.343335535153667,2741,134737,Renca
1995,23.140919753505457,3068,132579,Renca
1992,23.16343216809108,3003,129644,Renca
1993,23.823923444976078,3112,130625,Renca
1994,24.041822437007994,3164,131604,Renca
2021,9.582855272045139,3249,339043,San Bernardo
2020,11.283135624604284,3778,334836,San Bernardo
2019,12.472616454130852,4105,329121,San Bernardo
2017,13.506121140097711,4296,318078,San Bernardo
2018,13.747043272575484,4446,323415,San Bernardo
2016,14.15938234478096,4440,313573,San Bernardo
2015,15.347117976530596,4754,309765,San Bernardo
2013,15.685431886549205,4745,302510,San Bernardo
2014,15.845168203811335,4850,306087,San Bernardo
2012,16.680436025995657,4987,298973,San Bernardo
2010,16.74962471359722,4876,291111,San Bernardo
2011,16.991887000901443,5014,295082,San Bernardo
2008,17.176725889849827,4860,282941,San Bernardo
2007,17.26439057992853,4812,278724,San Bernardo
2005,17.718240017762646,4788,270230,San Bernardo
2004,17.84612374516503,4743,265772,San Bernardo
2006,17.900922003125558,4914,274511,San Bernardo
2009,17.960150480702243,5156,287080,San Bernardo
2003,18.19561435108185,4748,260942,San Bernardo
2001,19.18539554381221,4952,258113,San Bernardo
2002,19.341988902714846,4943,255558,San Bernardo
2000,19.784678662424167,4993,252367,San Bernardo
1999,20.014696389641074,4930,246319,San Bernardo
1998,20.52829874482213,4931,240205,San Bernardo
1995,20.70273948527059,4594,221903,San Bernardo
1997,20.747012037282257,4857,234106,San Bernardo
1996,21.03864321145218,4797,228009,San Bernardo
1993,21.55725922376617,4499,208700,San Bernardo
1994,22.587192694810472,4863,215299,San Bernardo
1992,23.032810002820344,4655,202103,San Bernardo
2021,7.894407486208856,820,103871,San Joaquín
2020,9.614920036720298,995,103485,San Joaquín
2016,10.540584284211379,1042,98856,San Joaquín
2019,10.546227959265684,1076,102027,San Joaquín
2017,10.78785561179821,1072,99371,San Joaquín
2018,11.136964779348885,1120,100566,San Joaquín
2011,11.54814881183486,1160,100449,San Joaquín
2012,11.736620252911681,1175,100114,San Joaquín
2010,11.783960720130933,1188,100815,San Joaquín
2007,12.128271892558585,1239,102158,San Joaquín
2005,12.242012183901366,1264,103251,San Joaquín
2015,12.24774396960296,1212,98957,San Joaquín
2006,12.290132834716216,1262,102684,San Joaquín
2014,12.342693629154954,1225,99249,San Joaquín
2009,12.345435151898233,1250,101252,San Joaquín
2013,12.365132734480856,1232,99635,San Joaquín
2008,12.527286672304273,1274,101698,San Joaquín
2003,12.788680004985093,1334,104311,San Joaquín
2004,13.10859619552131,1361,103825,San Joaquín
2002,14.094870422750555,1475,104648,San Joaquín
2001,16.00331674958541,1544,96480,San Joaquín
2000,16.41127843248904,1614,98347,San Joaquín
1999,17.455485008111843,1743,99854,San Joaquín
1997,17.670628051271077,1817,102826,San Joaquín
1998,18.313500286148443,1856,101346,San Joaquín
1996,19.25215723873442,2008,104300,San Joaquín
1995,19.673277997315132,2081,105778,San Joaquín
1994,19.84256674105684,2125,107093,San Joaquín
1993,20.579092527511044,2231,108411,San Joaquín
1992,21.434429964458214,2352,109730,San Joaquín
2021,8.087963207696781,153,18917,San José del Maipo
2018,8.995921104095657,161,17897,San José del Maipo
2019,9.411764705882351,172,18275,San José del Maipo
2020,9.440034327397553,176,18644,San José del Maipo
2012,11.128873585833743,181,16264,San José del Maipo
2013,11.2094037809016,185,16504,San José del Maipo
2017,11.345496009122007,199,17540,San José del Maipo
2015,12.24177505738332,208,16991,San José del Maipo
2011,12.247703555583328,196,16003,San José del Maipo
2016,12.296270517951395,212,17241,San José del Maipo
2010,12.650181170936367,199,15731,San José del Maipo
2008,12.713259996047691,193,15181,San José del Maipo
2005,12.844677137870855,184,14325,San José del Maipo
2006,13.206514301354865,193,14614,San José del Maipo
2007,13.491743858236005,201,14898,San José del Maipo
2009,13.517883707392794,209,15461,San José del Maipo
2014,13.675724096745297,229,16745,San José del Maipo
2004,13.837375178316691,194,14020,San José del Maipo
2003,14.595344085236809,200,13703,San José del Maipo
1998,15.194104687381296,200,13163,San José del Maipo
2000,15.409570154095702,209,13563,San José del Maipo
1997,16.497070613629354,214,12972,San José del Maipo
2001,16.602062458860527,227,13673,San José del Maipo
2002,16.761448668063455,224,13364,San José del Maipo
1999,18.399401645474942,246,13370,San José del Maipo
1996,18.944731485830594,242,12774,San José del Maipo
1994,18.94890274516155,234,12349,San José del Maipo
1995,20.37081244529323,256,12567,San José del Maipo
1993,20.6788597792058,251,12138,San José del Maipo
1992,21.051748720959488,251,11923,San José del Maipo
2005,12.501585763876875,1084,86709,San Miguel
2021,12.526035005663756,1714,136835,San Miguel
2004,12.658227848101266,1073,84767,San Miguel
2006,12.73145537788403,1129,88678,San Miguel
2012,12.8600265865787,1306,101555,San Miguel
2008,12.933682542761987,1200,92781,San Miguel
2009,13.078990356747642,1241,94885,San Miguel
2011,13.218744017813062,1312,99253,San Miguel
2007,13.26584623527855,1203,90684,San Miguel
2015,13.352403801790162,1447,108370,San Miguel
2013,13.492400277756346,1399,103688,San Miguel
2003,13.569193219028287,1123,82761,San Miguel
2017,13.642588602681414,1564,114641,San Miguel
2010,13.65796336573449,1325,97013,San Miguel
2020,13.670627315702058,1819,133059,San Miguel
2014,13.686088327182459,1450,105947,San Miguel
2018,13.69680629753524,1646,120174,San Miguel
2016,13.820362300572622,1535,111068,San Miguel
2002,14.07193424005356,1135,80657,San Miguel
2001,14.643765903307887,1151,78600,San Miguel
2019,14.846773681872977,1872,126088,San Miguel
2000,15.421145029490887,1221,79177,San Miguel
1999,15.655675811729171,1244,79460,San Miguel
1997,17.22455719003302,1377,79944,San Miguel
1995,17.62109059255114,1417,80415,San Miguel
1998,18.042886359929234,1438,79699,San Miguel
1996,18.609756401781148,1492,80173,San Miguel
1992,19.28875049426651,1561,80928,San Miguel
1994,19.39639125362984,1563,80582,San Miguel
1993,20.48018226619284,1654,80761,San Miguel
2017,8.371181761510377,94,11229,San Pedro
2013,8.929419587726796,94,10527,San Pedro
2006,8.98171193593767,83,9241,San Pedro
2009,9.071450412801958,89,9811,San Pedro
2001,9.497788186312777,73,7686,San Pedro
2003,9.637714816535068,83,8612,San Pedro
2019,9.653169314881257,113,11706,San Pedro
2012,9.73963355834137,101,10370,San Pedro
2010,10.196940917724682,102,10003,San Pedro
2018,10.289501220788281,118,11468,San Pedro
2007,10.290685338425632,97,9426,San Pedro
2021,10.30333003626772,125,12132,San Pedro
2015,10.309278350515465,112,10864,San Pedro
2016,10.598786121931333,117,11039,San Pedro
2008,10.80407230417619,104,9626,San Pedro
2002,10.86178085461924,91,8378,San Pedro
2020,10.959591734292648,131,11953,San Pedro
2014,11.221245558256966,120,10694,San Pedro
2011,11.287789556340792,115,10188,San Pedro
2004,12.333107037791356,109,8838,San Pedro
2005,12.841802280526958,116,9033,San Pedro
1999,13.662289428306142,103,7539,San Pedro
1995,14.241831890533371,102,7162,San Pedro
1996,14.600550964187327,106,7260,San Pedro
1993,14.976958525345621,104,6944,San Pedro
1997,15.089722675367048,111,7356,San Pedro
1998,15.180010746910263,113,7444,San Pedro
1994,15.598411798071469,110,7052,San Pedro
2000,16.243122871364946,124,7634,San Pedro
1992,18.394160583941606,126,6850,San Pedro
2021,8.963344455165839,771,86017,San Ramón
2020,9.917928563171888,858,86510,San Ramón
2019,11.349845702199467,982,86521,San Ramón
2018,12.63644239099047,1094,86575,San Ramón
2017,12.72329146018209,1104,86770,San Ramón
2016,13.919917511599932,1215,87285,San Ramón
2014,14.63480430726345,1302,88966,San Ramón
2015,14.678003428273035,1293,88091,San Ramón
2012,15.088695575668929,1372,90929,San Ramón
2013,15.4681019048784,1391,89927,San Ramón
2011,15.806490240689739,1452,91861,San Ramón
2008,16.218383648661483,1537,94769,San Ramón
2010,16.387084262581208,1521,92817,San Ramón
2007,17.011100552416952,1629,95761,San Ramón
2009,17.293401426545692,1622,93793,San Ramón
2004,17.758360891154194,1756,98883,San Ramón
2006,17.801241850998544,1723,96791,San Ramón
2005,18.242766768526373,1785,97847,San Ramón
2003,20.506912442396313,2047,99820,San Ramón
1998,20.54885868171326,2003,97475,San Ramón
1997,20.716284961284654,2028,97894,San Ramón
2002,21.00940600950544,2113,100574,San Ramón
1996,22.012002848133456,2164,98310,San Ramón
2001,22.749845790337588,2176,95649,San Ramón
1995,22.8322528363047,2254,98720,San Ramón
1999,23.232333638976748,2255,97063,San Ramón
2000,23.605994121786644,2281,96628,San Ramón
1994,23.812170889722157,2356,98941,San Ramón
1993,25.00630199142929,2480,99175,San Ramón
1992,26.117488455385978,2596,99397,San Ramón
2021,8.482833281781627,4388,517280,Santiago
2020,9.96925351835547,5016,503147,Santiago
2019,12.19502175261586,5937,486838,Santiago
2017,12.815516584917916,5722,446490,Santiago
2005,13.07157246569615,3439,263090,Santiago
2018,13.309394804056726,6227,467865,Santiago
2007,13.344680733767934,3873,290228,Santiago
2008,13.613064335940066,4143,304340,Santiago
2010,13.618577259932602,4514,331459,Santiago
2015,13.654957892420637,5461,399928,Santiago
2016,13.672160623314355,5703,417125,Santiago
2004,13.745127436281859,3438,250125,Santiago
2006,13.758714455147677,3805,276552,Santiago
2011,13.857306724376551,4796,346099,Santiago
2009,13.941291880470873,4434,318048,Santiago
2012,14.094452213161283,5090,361135,Santiago
2003,14.220108042457902,3372,237129,Santiago
2014,14.423027099849733,5567,385980,Santiago
2013,14.561428429761813,5433,373109,Santiago
2002,14.75183231180191,3319,224989,Santiago
1997,15.76209740976199,3300,209363,Santiago
1998,16.113822003201484,3332,206779,Santiago
1999,16.328729552355764,3334,204180,Santiago
1996,16.936838331037347,3590,211964,Santiago
2001,17.023743509603268,3377,198370,Santiago
2000,17.076414598076486,3441,201506,Santiago
1994,17.86158882382775,3874,216890,Santiago
1995,18.279013623038455,3922,214563,Santiago
1993,19.04058097949055,4174,219216,Santiago
1992,19.5535013044695,4332,221546,Santiago
2021,9.264173703256937,768,82900,Talagante
2020,10.117549304723967,828,81838,Talagante
2019,11.715886642895303,943,80489,Talagante
2017,12.105418554795312,943,77899,Talagante
2018,12.734025619646783,1008,79158,Talagante
2011,13.681678508363344,984,71921,Talagante
2010,14.081128747795415,998,70875,Talagante
2007,14.165730170935117,958,67628,Talagante
2016,14.180426063857494,1089,76796,Talagante
2012,14.245951763947733,1039,72933,Talagante
2009,14.494621807817355,1012,69819,Talagante
2014,14.753046824887749,1104,74832,Talagante
2013,14.914465136422695,1102,73888,Talagante
2015,14.919466540029285,1131,75807,Talagante
2008,15.102795035574502,1038,68729,Talagante
2005,15.119318789842998,989,65413,Talagante
2006,15.255816749834667,1015,66532,Talagante
2004,15.672176051296418,1007,64254,Talagante
2003,16.000253972285275,1008,62999,Talagante
2002,16.4575657734569,1014,61613,Talagante
2001,17.836648814078043,1119,62736,Talagante
1999,18.45074205896179,1099,59564,Talagante
2000,19.308112349998368,1181,61166,Talagante
1998,19.444444444444446,1127,57960,Talagante
1997,20.215465985126812,1139,56343,Talagante
1996,21.46432355412663,1175,54742,Talagante
1993,23.040360911947154,1144,49652,Talagante
1995,24.18368307142185,1285,53135,Talagante
1994,24.20468917209845,1244,51395,Talagante
1992,24.604019282539284,1179,47919,Talagante
2020,11.221306513945152,241,21477,Tiltil
2021,11.568654455309186,252,21783,Tiltil
2010,11.762756792577866,213,18108,Tiltil
2011,11.988716502115656,221,18434,Tiltil
2009,12.323448314669967,219,17771,Tiltil
2013,12.387150955280285,236,19052,Tiltil
2004,12.387387387387388,198,15984,Tiltil
2019,12.532042153232698,264,21066,Tiltil
2014,13.189200372400952,255,19334,Tiltil
2012,13.221730553926534,248,18757,Tiltil
2008,13.25301204819277,231,17430,Tiltil
2018,13.406901892454382,277,20661,Tiltil
2015,14.004888979425544,275,19636,Tiltil
2017,14.012236037102822,284,20268,Tiltil
2006,14.293403504575085,239,16721,Tiltil
2002,14.721415368365461,223,15148,Tiltil
2005,15.404364569961489,252,16359,Tiltil
2016,15.405459654757125,307,19928,Tiltil
2007,15.867439545640845,271,17079,Tiltil
1999,16.42655177056685,244,14854,Tiltil
2001,16.886786254024575,257,15219,Tiltil
2003,17.2590786603362,269,15586,Tiltil
1995,17.936258396455624,251,13994,Tiltil
2000,18.04431471407722,272,15074,Tiltil
1998,18.0973844157618,265,14643,Tiltil
1997,18.718801996672212,270,14424,Tiltil
1996,19.21587949602309,273,14207,Tiltil
1993,20.63232892979071,278,13474,Tiltil
1994,21.3292567518381,293,13737,Tiltil
1992,22.318051142381602,295,13218,Tiltil
2020,12.059024118048235,1167,96774,Vitacura
2019,12.795149968091895,1203,94020,Vitacura
2021,13.122473002712523,1282,97695,Vitacura
2018,13.213009057216167,1205,91198,Vitacura
2008,13.302217036172696,1140,85700,Vitacura
2007,13.312881998922792,1137,85406,Vitacura
2003,13.438716358572092,1129,84011,Vitacura
2005,13.630628824770955,1156,84809,Vitacura
2004,13.719385882882136,1159,84479,Vitacura
2006,13.75801865733017,1171,85114,Vitacura
2017,13.841922539339015,1228,88716,Vitacura
2016,14.120314700931047,1233,87321,Vitacura
2015,14.221608560579911,1236,86910,Vitacura
2009,14.263775130305287,1226,85952,Vitacura
2010,14.451873519988856,1245,86148,Vitacura
2014,14.490581698291564,1257,86746,Vitacura
2013,14.615801677298787,1267,86687,Vitacura
2001,14.733010005253064,1206,81857,Vitacura
2002,14.7626699925647,1231,83386,Vitacura
2011,14.96129502562975,1293,86423,Vitacura
1994,15.227149844710734,1211,79529,Vitacura
1998,15.341168345891552,1244,81089,Vitacura
2012,15.36527125702223,1332,86689,Vitacura
2000,15.382923610771712,1259,81844,Vitacura
1992,15.74303307306545,1240,78765,Vitacura
1995,15.804489826563556,1263,79914,Vitacura
1993,15.98089872026479,1265,79157,Vitacura
1997,16.010111649462818,1292,80699,Vitacura
1999,16.151004528663123,1316,81481,Vitacura
1996,17.643689610518976,1417,80312,Vitacura
2021,8.826415138591916,2258,255823,Ñuñoa
2020,9.344823175800986,2338,250192,Ñuñoa
2019,10.94067363646559,2634,240753,Ñuñoa
2007,11.163042009995948,2066,185075,Ñuñoa
2006,11.394006048941437,2072,181850,Ñuñoa
2005,11.43995701620847,2044,178672,Ñuñoa
2004,11.693107221006565,2052,175488,Ñuñoa
2018,11.884336764756855,2743,230808,Ñuñoa
2008,11.936670364256864,2249,188411,Ñuñoa
2003,12.218361821541036,2103,172118,Ñuñoa
2017,12.2312039809957,2716,222055,Ñuñoa
2009,12.262099108637711,2351,191729,Ñuñoa
2002,12.717270682626062,2143,168511,Ñuñoa
2016,13.023169772926975,2816,216230,Ñuñoa
2012,13.044790743939073,2636,202073,Ñuñoa
2013,13.298701804997856,2729,205208,Ñuñoa
2011,13.389214076305423,2658,198518,Ñuñoa
2010,13.469308230275438,2627,195036,Ñuñoa
2000,13.763996765736406,2247,163252,Ñuñoa
2001,14.038923579585811,2273,161907,Ñuñoa
1999,14.08570992832088,2309,163925,Ñuñoa
2014,14.232145083484383,2968,208542,Ñuñoa
2015,14.302078373881029,3034,212137,Ñuñoa
1998,14.430207396241096,2374,164516,Ñuñoa
1997,15.323489152423292,2530,165106,Ñuñoa
1995,16.1885862048229,2692,166290,Ñuñoa
1996,16.28876805252962,2699,165697,Ñuñoa
1994,16.86723870170831,2813,166773,Ñuñoa
1993,17.97842827761037,3007,167256,Ñuñoa
1992,18.159055681411708,3046,167740,Ñuñoa
